"Name","Rel","W","H","Size"
"carved_png_9343880.png","carved_png_9343880.png","1","1","125"
"carved_png_10968736.png","carved_png_10968736.png","1","9","108"
"carved_png_10968624.png","carved_png_10968624.png","1","9","111"
"carved_png_260088.png","carved_png_260088.png","1","10","115"
"carved_png_445816.png","carved_png_445816.png","1","32","2861"
"carved_png_442880.png","carved_png_442880.png","2","27","2918"
"carved_bmp_235744.bmp","carved_bmp_235744.bmp","4","4","134"
"carved_png_10808928.png","carved_png_10808928.png","9","11","250"
"carved_png_93216.png","carved_png_93216.png","9","138","2126"
"carved_bmp_236280.bmp","carved_bmp_236280.bmp","10","10","198"
"carved_bmp_236080.bmp","carved_bmp_236080.bmp","10","10","198"
"carved_bmp_235880.bmp","carved_bmp_235880.bmp","10","10","198"
"carved_png_11077680.png","carved_png_11077680.png","12","7","2788"
"carved_png_11074856.png","carved_png_11074856.png","12","7","2817"
"carved_png_9371744.png","carved_png_9371744.png","12","38","3056"
"carved_png_10968848.png","carved_png_10968848.png","13","12","279"
"carved_png_10736848.png","carved_png_10736848.png","13","13","810"
"carved_png_10735968.png","carved_png_10735968.png","13","13","876"
"carved_png_9435224.png","carved_png_9435224.png","13","13","632"
"carved_png_10809960.png","carved_png_10809960.png","16","16","665"
"carved_png_11027896.png","carved_png_11027896.png","16","16","3447"
"carved_png_11043944.png","carved_png_11043944.png","16","16","3462"
"carved_png_11048704.png","carved_png_11048704.png","16","16","3593"
"carved_png_10737664.png","carved_png_10737664.png","16","16","735"
"carved_png_10738984.png","carved_png_10738984.png","16","16","685"
"carved_png_9341416.png","carved_png_9341416.png","16","16","785"
"carved_png_9727920.png","carved_png_9727920.png","16","16","780"
"carved_png_9342224.png","carved_png_9342224.png","16","16","512"
"carved_png_9663952.png","carved_png_9663952.png","16","16","3359"
"carved_png_9432408.png","carved_png_9432408.png","16","16","710"
"carved_png_9836192.png","carved_png_9836192.png","16","16","507"
"carved_png_9835392.png","carved_png_9835392.png","16","16","778"
"carved_png_11071608.png","carved_png_11071608.png","16","16","3230"
"carved_png_9783656.png","carved_png_9783656.png","16","16","681"
"carved_png_9849896.png","carved_png_9849896.png","16","16","3085"
"carved_png_9954488.png","carved_png_9954488.png","16","16","789"
"carved_png_9794712.png","carved_png_9794712.png","18","15","2825"
"carved_png_10968344.png","carved_png_10968344.png","19","1","136"
"carved_png_10968480.png","carved_png_10968480.png","19","1","139"
"carved_png_10966712.png","carved_png_10966712.png","19","9","247"
"carved_png_10967240.png","carved_png_10967240.png","19","9","281"
"carved_png_10966960.png","carved_png_10966960.png","19","9","279"
"carved_png_10967528.png","carved_png_10967528.png","19","9","264"
"carved_png_10968072.png","carved_png_10968072.png","19","9","272"
"carved_png_10967792.png","carved_png_10967792.png","19","9","273"
"carved_png_11062984.png","carved_png_11062984.png","19","19","1173"
"carved_png_11067872.png","carved_png_11067872.png","19","19","3716"
"carved_png_11031360.png","carved_png_11031360.png","19","19","3668"
"carved_png_11047424.png","carved_png_11047424.png","19","19","1259"
"carved_png_11038704.png","carved_png_11038704.png","19","19","1209"
"carved_png_11035048.png","carved_png_11035048.png","19","19","3640"
"carved_png_11057792.png","carved_png_11057792.png","19","19","1161"
"carved_png_11064176.png","carved_png_11064176.png","19","19","3679"
"carved_png_11052320.png","carved_png_11052320.png","19","19","1059"
"carved_png_11053400.png","carved_png_11053400.png","19","19","1064"
"carved_png_11039936.png","carved_png_11039936.png","20","19","3985"
"carved_png_11023856.png","carved_png_11023856.png","20","19","4023"
"carved_png_11058976.png","carved_png_11058976.png","20","19","3987"
"carved_png_10738400.png","carved_png_10738400.png","20","20","577"
"carved_png_10732088.png","carved_png_10732088.png","22","22","3654"
"carved_png_9491280.png","carved_png_9491280.png","24","24","1332"
"carved_png_9435856.png","carved_png_9435856.png","24","24","3559"
"carved_png_9874128.png","carved_png_9874128.png","24","24","1401"
"carved_png_9614440.png","carved_png_9614440.png","24","29","697"
"carved_png_9613760.png","carved_png_9613760.png","24","29","673"
"carved_png_9728704.png","carved_png_9728704.png","24","71","3069"
"carved_png_9724664.png","carved_png_9724664.png","24","84","3081"
"carved_png_10784040.png","carved_png_10784040.png","26","26","983"
"carved_bmp_236480.bmp","carved_bmp_236480.bmp","28","28","566"
"carved_bmp_237048.bmp","carved_bmp_237048.bmp","28","28","566"
"carved_bmp_237616.bmp","carved_bmp_237616.bmp","28","28","566"
"carved_png_9419368.png","carved_png_9419368.png","28","29","1761"
"carved_png_10806576.png","carved_png_10806576.png","29","21","703"
"carved_png_10808056.png","carved_png_10808056.png","29","21","867"
"carved_png_10807280.png","carved_png_10807280.png","29","21","769"
"carved_png_9411248.png","carved_png_9411248.png","29","39","3176"
"carved_png_10008400.png","carved_png_10008400.png","30","10","3025"
"carved_png_9421136.png","carved_png_9421136.png","30","36","3131"
"carved_png_9990784.png","carved_png_9990784.png","31","31","3472"
"carved_png_9986496.png","carved_png_9986496.png","31","31","4270"
"carved_png_9876528.png","carved_png_9876528.png","31","39","167"
"carved_png_9416904.png","carved_png_9416904.png","32","29","2461"
"carved_ico_10212816.ico","carved_ico_10212816.ico","32","32","1225"
"carved_ico_10201296.ico","carved_ico_10201296.ico","32","32","1215"
"carved_png_9401928.png","carved_png_9401928.png","32","32","2099"
"carved_ico_10205904.ico","carved_ico_10205904.ico","32","32","1219"
"carved_ico_10208208.ico","carved_ico_10208208.ico","32","32","1221"
"carved_ico_10203600.ico","carved_ico_10203600.ico","32","32","1217"
"carved_ico_10210512.ico","carved_ico_10210512.ico","32","32","1223"
"carved_ico_10198608.ico","carved_ico_10198608.ico","32","32","1212"
"carved_png_9426048.png","carved_png_9426048.png","32","32","3212"
"carved_ico_10200144.ico","carved_ico_10200144.ico","32","32","830"
"carved_png_9429264.png","carved_png_9429264.png","32","32","3144"
"carved_ico_10102312.ico","carved_ico_10102312.ico","32","32","1173"
"carved_ico_10095400.ico","carved_ico_10095400.ico","32","32","1167"
"carved_ico_10093096.ico","carved_ico_10093096.ico","32","32","1165"
"carved_ico_10100008.ico","carved_ico_10100008.ico","32","32","1171"
"carved_ico_10097704.ico","carved_ico_10097704.ico","32","32","1169"
"carved_png_9414424.png","carved_png_9414424.png","32","39","2474"
"carved_png_9399080.png","carved_png_9399080.png","32","45","2842"
"carved_png_9424272.png","carved_png_9424272.png","32","45","1772"
"carved_png_9407592.png","carved_png_9407592.png","32","45","3652"
"carved_png_9404032.png","carved_png_9404032.png","32","45","3557"
"carved_png_9838696.png","carved_png_9838696.png","36","36","2113"
"carved_png_10777872.png","carved_png_10777872.png","40","40","5086"
"carved_png_10772680.png","carved_png_10772680.png","40","40","5188"
"carved_png_9380960.png","carved_png_9380960.png","42","42","6715"
"carved_png_9375216.png","carved_png_9375216.png","42","42","5743"
"carved_png_9387680.png","carved_png_9387680.png","42","42","6611"
"carved_png_9394296.png","carved_png_9394296.png","42","42","4783"
"carved_png_9727768.png","carved_png_9727768.png","48","12","145"
"carved_png_9787496.png","carved_png_9787496.png","48","48","4752"
"carved_png_10809584.png","carved_png_10809584.png","50","50","371"
"carved_png_9840816.png","carved_png_9840816.png","50","50","3463"
"carved_png_9797544.png","carved_png_9797544.png","50","50","431"
"carved_png_10999552.png","carved_png_10999552.png","50","51","3580"
"carved_png_11011808.png","carved_png_11011808.png","50","51","3602"
"carved_png_10983152.png","carved_png_10983152.png","50","51","3712"
"carved_png_10986864.png","carved_png_10986864.png","50","51","4495"
"carved_png_11007520.png","carved_png_11007520.png","50","51","4284"
"carved_png_10991360.png","carved_png_10991360.png","50","51","4429"
"carved_png_10995792.png","carved_png_10995792.png","50","51","3754"
"carved_png_11003136.png","carved_png_11003136.png","50","51","4383"
"carved_png_10974616.png","carved_png_10974616.png","52","25","1484"
"carved_png_10969128.png","carved_png_10969128.png","52","25","1491"
"carved_png_10972640.png","carved_png_10972640.png","52","25","1971"
"carved_png_10970624.png","carved_png_10970624.png","52","25","2013"
"carved_png_10979632.png","carved_png_10979632.png","52","25","2005"
"carved_png_10981640.png","carved_png_10981640.png","52","25","1505"
"carved_png_10976104.png","carved_png_10976104.png","52","25","1512"
"carved_png_10977616.png","carved_png_10977616.png","52","25","2012"
"carved_png_9667328.png","carved_png_9667328.png","52","52","1569"
"carved_png_10005224.png","carved_png_10005224.png","54","10","3156"
"carved_png_10002048.png","carved_png_10002048.png","54","10","3154"
"carved_png_9615144.png","carved_png_9615144.png","57","19","2164"
"carved_png_9540688.png","carved_png_9540688.png","57","19","2568"
"carved_png_263608.png","carved_png_263608.png","65","10","3211"
"carved_png_260376.png","carved_png_260376.png","65","10","3215"
"carved_png_9826280.png","carved_png_9826280.png","65","50","9096"
"carved_png_9844280.png","carved_png_9844280.png","66","66","5616"
"carved_png_10782960.png","carved_png_10782960.png","75","132","1080"
"carved_png_9646760.png","carved_png_9646760.png","76","19","4083"
"carved_png_9654496.png","carved_png_9654496.png","76","19","4798"
"carved_png_9659312.png","carved_png_9659312.png","95","19","4199"
"carved_png_9642568.png","carved_png_9642568.png","95","19","4170"
"carved_png_9801032.png","carved_png_9801032.png","96","96","11043"
"carved_png_9632720.png","carved_png_9632720.png","114","19","4207"
"carved_png_9650864.png","carved_png_9650864.png","114","19","3616"
"carved_png_11132320.png","carved_png_11132320.png","132","16","3658"
"carved_png_9624360.png","carved_png_9624360.png","136","19","4316"
"carved_png_9812096.png","carved_png_9812096.png","139","139","8699"
"carved_png_9852984.png","carved_png_9852984.png","139","139","21127"
"carved_png_9797976.png","carved_png_9797976.png","139","139","3040"
"carved_png_9370144.png","carved_png_9370144.png","156","12","1579"
"carved_png_9628696.png","carved_png_9628696.png","171","19","4008"
"carved_png_9636944.png","carved_png_9636944.png","171","19","5605"
"carved_png_10705176.png","carved_png_10705176.png","176","16","6852"
"carved_png_9613408.png","carved_png_9613408.png","220","6","324"
"carved_png_10753712.png","carved_png_10753712.png","234","60","16733"
"carved_png_10810632.png","carved_png_10810632.png","250","50","9183"
"carved_png_10023848.png","carved_png_10023848.png","256","256","50453"
"carved_png_436872.png","carved_png_436872.png","264","25","3425"
"carved_png_11015416.png","carved_png_11015416.png","268","54","8439"
"carved_png_9617328.png","carved_png_9617328.png","285","19","7012"
"carved_png_9964968.png","carved_png_9964968.png","310","31","9210"
"carved_png_9974232.png","carved_png_9974232.png","310","31","3615"
"carved_png_9955280.png","carved_png_9955280.png","310","31","9670"
"carved_png_9977880.png","carved_png_9977880.png","310","31","3652"
"carved_png_10796416.png","carved_png_10796416.png","341","50","10156"
"carved_png_10785024.png","carved_png_10785024.png","346","52","11390"
"carved_png_11167360.png","carved_png_11167360.png","360","20","16984"
"carved_png_10722408.png","carved_png_10722408.png","384","12","9648"
"carved_png_10712048.png","carved_png_10712048.png","420","12","9370"
"carved_png_435256.png","carved_png_435256.png","476","30","1593"
"carved_png_9820816.png","carved_png_9820816.png","589","18","5443"
"carved_png_433248.png","carved_png_433248.png","600","31","1972"
"carved_png_427616.png","carved_png_427616.png","600","33","5614"
"carved_png_9362088.png","carved_png_9362088.png","1520","19","8036"
"carved_png_9495208.png","carved_png_9495208.png","1520","19","45464"
"carved_png_9543256.png","carved_png_9543256.png","1536","36","70123"
